x, f(x), mean, lower, upper, acq
0.000000,0.648022,0.553057,-2.432208,3.538322,-0.132531
0.001000,0.630689,0.550790,-2.430352,3.531931,-0.135890
0.002000,0.613554,0.548489,-2.428443,3.525422,-0.139304
0.003000,0.596635,0.546155,-2.426481,3.518792,-0.142773
0.004000,0.579948,0.543788,-2.424464,3.512040,-0.146298
0.005000,0.563507,0.541385,-2.422392,3.505163,-0.149879
0.006000,0.547326,0.538948,-2.420263,3.498159,-0.153518
0.007000,0.531417,0.536476,-2.418076,3.491027,-0.157214
0.008000,0.515792,0.533968,-2.415829,3.483765,-0.160969
0.009000,0.500461,0.531424,-2.413523,3.476370,-0.164783
0.010000,0.485433,0.528843,-2.411156,3.468841,-0.168657
0.011000,0.470716,0.526225,-2.408726,3.461175,-0.172592
0.012000,0.456316,0.523570,-2.406232,3.453371,-0.176589
0.013000,0.442240,0.520876,-2.403674,3.445426,-0.180648
0.014000,0.428491,0.518145,-2.401049,3.437339,-0.184770
0.015000,0.415073,0.515374,-2.398358,3.429106,-0.188955
0.016000,0.401988,0.512565,-2.395598,3.420727,-0.193206
0.017000,0.389236,0.509715,-2.392768,3.412198,-0.197521
0.018000,0.376816,0.506825,-2.389867,3.403518,-0.201902
0.019000,0.364728,0.503895,-2.386895,3.394685,-0.206350
0.020000,0.352969,0.500923,-2.383849,3.385696,-0.210865
0.021000,0.341534,0.497910,-2.380728,3.376548,-0.215448
0.022000,0.330420,0.494855,-2.377531,3.367241,-0.220101
0.023000,0.319619,0.491757,-2.374257,3.357771,-0.224822
0.024000,0.309125,0.488616,-2.370904,3.348137,-0.229614
0.025000,0.298930,0.485432,-2.367472,3.338336,-0.234477
0.026000,0.289026,0.482204,-2.363958,3.328365,-0.239412
0.027000,0.279402,0.478931,-2.360362,3.318223,-0.244419
0.028000,0.270048,0.475613,-2.356682,3.307907,-0.249499
0.029000,0.260953,0.472250,-2.352916,3.297415,-0.254653
0.030000,0.252105,0.468840,-2.349064,3.286745,-0.259881
0.031000,0.243491,0.465385,-2.345124,3.275894,-0.265184
0.032000,0.235097,0.461882,-2.341095,3.264859,-0.270564
0.033000,0.226910,0.458332,-2.336975,3.253640,-0.276019
0.034000,0.218915,0.454734,-2.332764,3.242232,-0.281552
0.035000,0.211098,0.451088,-2.328458,3.230634,-0.287162
0.036000,0.203444,0.447393,-2.324058,3.218843,-0.292851
0.037000,0.195937,0.443648,-2.319562,3.206858,-0.298619
0.038000,0.188561,0.439853,-2.314968,3.194675,-0.304466
0.039000,0.181301,0.436008,-2.310275,3.182292,-0.310393
0.040000,0.174141,0.432113,-2.305482,3.169707,-0.316401
0.041000,0.167066,0.428166,-2.300587,3.156918,-0.322491
0.042000,0.160058,0.424167,-2.295589,3.143922,-0.328662
0.043000,0.153103,0.420115,-2.290486,3.130717,-0.334916
0.044000,0.146185,0.416011,-2.285278,3.117300,-0.341252
0.045000,0.139288,0.411854,-2.279962,3.103669,-0.347672
0.046000,0.132398,0.407642,-2.274537,3.089821,-0.354175
0.047000,0.125501,0.403377,-2.269002,3.075755,-0.360763
0.048000,0.118581,0.399056,-2.263356,3.061468,-0.367435
0.049000,0.111625,0.394681,-2.257596,3.046958,-0.374193
0.050000,0.104621,0.390249,-2.251723,3.032221,-0.381035
0.051000,0.097556,0.385762,-2.245734,3.017257,-0.387964
0.052000,0.090417,0.381217,-2.239628,3.002063,-0.394979
0.053000,0.083194,0.376616,-2.233403,2.986635,-0.402080
0.054000,0.075876,0.371957,-2.227059,2.970973,-0.409268
0.055000,0.068453,0.367240,-2.220594,2.955074,-0.416543
0.056000,0.060918,0.362464,-2.214007,2.938935,-0.423905
0.057000,0.053261,0.357630,-2.207296,2.922555,-0.431354
0.058000,0.045476,0.352736,-2.200460,2.905931,-0.438891
0.059000,0.037556,0.347782,-2.193497,2.889061,-0.446515
0.060000,0.029497,0.342768,-2.186408,2.871943,-0.454227
0.061000,0.021295,0.337693,-2.179190,2.854576,-0.462027
0.062000,0.012945,0.332557,-2.171842,2.836956,-0.469914
0.063000,0.004446,0.327360,-2.164363,2.819082,-0.477889
0.064000,-0.004204,0.322100,-2.156751,2.800951,-0.485952
0.065000,-0.013004,0.316778,-2.149006,2.782563,-0.494102
0.066000,-0.021955,0.311394,-2.141127,2.763915,-0.502339
0.067000,-0.031054,0.305946,-2.133112,2.745005,-0.510664
0.068000,-0.040298,0.300435,-2.124961,2.725831,-0.519075
0.069000,-0.049685,0.294861,-2.116671,2.706393,-0.527572
0.070000,-0.059208,0.289222,-2.108243,2.686687,-0.536156
0.071000,-0.068864,0.283519,-2.099675,2.666712,-0.544825
0.072000,-0.078645,0.277750,-2.090967,2.646468,-0.553580
0.073000,-0.088544,0.271917,-2.082116,2.625951,-0.562419
0.074000,-0.098553,0.266019,-2.073124,2.605161,-0.571343
0.075000,-0.108662,0.260055,-2.063988,2.584097,-0.580350
0.076000,-0.118863,0.254024,-2.054708,2.562757,-0.589439
0.077000,-0.129144,0.247928,-2.045283,2.541140,-0.598611
0.078000,-0.139495,0.241766,-2.035713,2.519244,-0.607864
0.079000,-0.149904,0.235537,-2.025997,2.497070,-0.617197
0.080000,-0.160357,0.229241,-2.016133,2.474615,-0.626610
0.081000,-0.170844,0.222878,-2.006123,2.451878,-0.636101
0.082000,-0.181349,0.216448,-1.995964,2.428860,-0.645669
0.083000,-0.191860,0.209951,-1.985657,2.405559,-0.655313
0.084000,-0.202363,0.203386,-1.975202,2.381975,-0.665032
0.085000,-0.212842,0.196755,-1.964597,2.358106,-0.674825
0.086000,-0.223284,0.190055,-1.953844,2.333954,-0.684690
0.087000,-0.233673,0.183288,-1.942940,2.309517,-0.694625
0.088000,-0.243996,0.176454,-1.931887,2.284796,-0.704630
0.089000,-0.254236,0.169552,-1.920685,2.259789,-0.714702
0.090000,-0.264380,0.162583,-1.909332,2.234498,-0.724840
0.091000,-0.274412,0.155546,-1.897830,2.208923,-0.735043
0.092000,-0.284319,0.148443,-1.886179,2.183064,-0.745307
0.093000,-0.294085,0.141272,-1.874378,2.156921,-0.755632
0.094000,-0.303697,0.134034,-1.862428,2.130495,-0.766015
0.095000,-0.313141,0.126729,-1.850330,2.103787,-0.776454
0.096000,-0.322403,0.119358,-1.838083,2.076798,-0.786946
0.097000,-0.331472,0.111920,-1.825689,2.049529,-0.797491
0.098000,-0.340335,0.104416,-1.813148,2.021981,-0.808085
0.099000,-0.348980,0.096847,-1.800461,1.994156,-0.818725
0.100000,-0.357397,0.089213,-1.787629,1.966055,-0.829410
0.101000,-0.365574,0.081514,-1.774652,1.937680,-0.840136
0.102000,-0.373503,0.073751,-1.761532,1.909033,-0.850902
0.103000,-0.381174,0.065923,-1.748269,1.880116,-0.861703
0.104000,-0.388581,0.058033,-1.734866,1.850932,-0.872537
0.105000,-0.395715,0.050080,-1.721323,1.821483,-0.883402
0.106000,-0.402570,0.042065,-1.707642,1.791772,-0.894293
0.107000,-0.409141,0.033989,-1.693824,1.761802,-0.905209
0.108000,-0.415425,0.025852,-1.679872,1.731577,-0.916145
0.109000,-0.421416,0.017656,-1.665787,1.701099,-0.927098
0.110000,-0.427114,0.009401,-1.651570,1.670373,-0.938066
0.111000,-0.432516,0.001089,-1.637225,1.639402,-0.949044
0.112000,-0.437623,-0.007281,-1.622753,1.608191,-0.960029
0.113000,-0.442434,-0.015706,-1.608156,1.576744,-0.971018
0.114000,-0.446952,-0.024186,-1.593438,1.545066,-0.982006
0.115000,-0.451178,-0.032719,-1.578600,1.513162,-0.992990
0.116000,-0.455117,-0.041304,-1.563645,1.481037,-1.003967
0.117000,-0.458774,-0.049940,-1.548577,1.448697,-1.014933
0.118000,-0.462152,-0.058626,-1.533399,1.416147,-1.025883
0.119000,-0.465260,-0.067359,-1.518112,1.383395,-1.036814
0.120000,-0.468105,-0.076138,-1.502722,1.350445,-1.047723
0.121000,-0.470694,-0.084962,-1.487231,1.317306,-1.058605
0.122000,-0.473036,-0.093829,-1.471643,1.283984,-1.069456
0.123000,-0.475142,-0.102737,-1.455961,1.250487,-1.080273
0.124000,-0.477023,-0.111684,-1.440191,1.216823,-1.091052
0.125000,-0.478689,-0.120668,-1.424335,1.182999,-1.101789
0.126000,-0.480152,-0.129687,-1.408399,1.149025,-1.112481
0.127000,-0.481426,-0.138739,-1.392386,1.114908,-1.123124
0.128000,-0.482522,-0.147821,-1.376301,1.080659,-1.133714
0.129000,-0.483456,-0.156931,-1.360150,1.046287,-1.144249
0.130000,-0.484240,-0.166067,-1.343936,1.011803,-1.154725
0.131000,-0.484890,-0.175225,-1.327666,0.977215,-1.165140
0.132000,-0.485420,-0.184404,-1.311344,0.942536,-1.175489
0.133000,-0.485845,-0.193600,-1.294976,0.907777,-1.185772
0.134000,-0.486179,-0.202809,-1.278568,0.872949,-1.195984
0.135000,-0.486439,-0.212030,-1.262125,0.838065,-1.206125
0.136000,-0.486639,-0.221259,-1.245654,0.803136,-1.216192
0.137000,-0.486795,-0.230492,-1.229160,0.768177,-1.226184
0.138000,-0.486921,-0.239726,-1.212651,0.733199,-1.236099
0.139000,-0.487032,-0.248957,-1.196132,0.698219,-1.245937
0.140000,-0.487143,-0.258181,-1.179610,0.663249,-1.255696
0.141000,-0.487267,-0.267394,-1.163093,0.628304,-1.265376
0.142000,-0.487419,-0.276593,-1.146587,0.593401,-1.274978
0.143000,-0.487611,-0.285773,-1.130100,0.558554,-1.284500
0.144000,-0.487857,-0.294929,-1.113638,0.523781,-1.293944
0.145000,-0.488168,-0.304056,-1.097211,0.489098,-1.303309
0.146000,-0.488555,-0.313151,-1.080825,0.454523,-1.312596
0.147000,-0.489029,-0.322208,-1.064488,0.420073,-1.321805
0.148000,-0.489600,-0.331221,-1.048208,0.385766,-1.330937
0.149000,-0.490276,-0.340185,-1.031994,0.351623,-1.339992
0.150000,-0.491065,-0.349096,-1.015854,0.317663,-1.348968
0.151000,-0.491974,-0.357946,-0.999797,0.283905,-1.357865
0.152000,-0.493009,-0.366731,-0.983831,0.250370,-1.366682
0.153000,-0.494173,-0.375443,-0.967965,0.217080,-1.375414
0.154000,-0.495472,-0.384076,-0.952209,0.184056,-1.384061
0.155000,-0.496906,-0.392624,-0.936570,0.151321,-1.392617
0.156000,-0.498478,-0.401080,-0.921058,0.118898,-1.401077
0.157000,-0.500187,-0.409437,-0.905683,0.086810,-1.409435
0.158000,-0.502032,-0.417687,-0.890454,0.055081,-1.417686
0.159000,-0.504010,-0.425822,-0.875380,0.023736,-1.425822
0.160000,-0.506117,-0.433835,-0.860471,-0.007199,-1.433835
0.161000,-0.508348,-0.441717,-0.845736,-0.037699,-1.441717
0.162000,-0.510696,-0.449461,-0.831186,-0.067736,-1.449461
0.163000,-0.513154,-0.457057,-0.816829,-0.097285,-1.457057
0.164000,-0.515713,-0.464496,-0.802675,-0.126316,-1.464496
0.165000,-0.518361,-0.471769,-0.788735,-0.154802,-1.471769
0.166000,-0.521089,-0.478866,-0.775019,-0.182713,-1.478866
0.167000,-0.523881,-0.485777,-0.761535,-0.210020,-1.485777
0.168000,-0.526725,-0.492493,-0.748294,-0.236691,-1.492493
0.169000,-0.529605,-0.499001,-0.735306,-0.262696,-1.499001
0.170000,-0.532505,-0.505292,-0.722581,-0.288003,-1.505292
0.171000,-0.535407,-0.511354,-0.710130,-0.312578,-1.511354
0.172000,-0.538293,-0.517175,-0.697963,-0.336386,-1.517175
0.173000,-0.541142,-0.522743,-0.686092,-0.359393,-1.522743
0.174000,-0.543935,-0.528045,-0.674530,-0.381561,-1.528045
0.175000,-0.546651,-0.533070,-0.663290,-0.402850,-1.533070
0.176000,-0.549266,-0.537802,-0.652388,-0.423217,-1.537802
0.177000,-0.551759,-0.542230,-0.641846,-0.442614,-1.542230
0.178000,-0.554105,-0.546338,-0.631692,-0.460984,-1.546338
0.179000,-0.556280,-0.550112,-0.621966,-0.478257,-1.550112
0.180000,-0.558260,-0.553537,-0.612735,-0.494338,-1.553537
0.181000,-0.560019,-0.556597,-0.604115,-0.509078,-1.556597
0.182000,-0.561533,-0.559276,-0.596326,-0.522226,-1.559276
0.183000,-0.562775,-0.561558,-0.589824,-0.533292,-1.561558
0.184000,-0.563719,-0.563426,-0.585532,-0.541321,-1.563426
0.185000,-0.564340,-0.564863,-0.584745,-0.544980,-1.564863
0.186000,-0.564611,-0.565849,-0.587636,-0.544063,-1.565849
0.187000,-0.564508,-0.566367,-0.592536,-0.540199,-1.566367
0.188000,-0.564003,-0.566398,-0.597815,-0.534982,-1.566398
0.189000,-0.563073,-0.565922,-0.602609,-0.529236,-1.565922
0.190000,-0.561691,-0.564921,-0.606514,-0.523328,-1.564921
0.191000,-0.559834,-0.563373,-0.609329,-0.517418,-1.563373
0.192000,-0.557478,-0.561261,-0.610946,-0.511577,-1.561261
0.193000,-0.554600,-0.558565,-0.611303,-0.505828,-1.558565
0.194000,-0.551177,-0.555266,-0.610364,-0.500169,-1.555266
0.195000,-0.547188,-0.551346,-0.608109,-0.494584,-1.551346
0.196000,-0.542612,-0.546788,-0.604529,-0.489046,-1.546788
0.197000,-0.537430,-0.541573,-0.599626,-0.483519,-1.541573
0.198000,-0.531624,-0.535685,-0.593407,-0.477963,-1.535685
0.199000,-0.525176,-0.529111,-0.585889,-0.472332,-1.529111
0.200000,-0.518070,-0.521834,-0.577094,-0.466574,-1.521834
0.201000,-0.510292,-0.513843,-0.567053,-0.460633,-1.513843
0.202000,-0.501829,-0.505126,-0.555802,-0.454449,-1.505126
0.203000,-0.492670,-0.495672,-0.543390,-0.447953,-1.495672
0.204000,-0.482803,-0.485473,-0.529873,-0.441072,-1.485473
0.205000,-0.472221,-0.474522,-0.515323,-0.433721,-1.474522
0.206000,-0.460916,-0.462814,-0.499828,-0.425801,-1.462814
0.207000,-0.448885,-0.450348,-0.483503,-0.417193,-1.450348
0.208000,-0.436122,-0.437121,-0.466497,-0.407744,-1.437121
0.209000,-0.422627,-0.423136,-0.449015,-0.397256,-1.423136
0.210000,-0.408400,-0.408397,-0.431327,-0.385466,-1.408397
0.211000,-0.393442,-0.392911,-0.413762,-0.372059,-1.392911
0.212000,-0.377759,-0.376687,-0.396623,-0.356752,-1.376687
0.213000,-0.361354,-0.359739,-0.380027,-0.339451,-1.359739
0.214000,-0.344237,-0.342082,-0.363813,-0.320350,-1.342082
0.215000,-0.326416,-0.323734,-0.347647,-0.299821,-1.323734
0.216000,-0.307903,-0.304717,-0.331189,-0.278246,-1.304717
0.217000,-0.288710,-0.285055,-0.314174,-0.255937,-1.285055
0.218000,-0.268854,-0.264774,-0.296419,-0.233130,-1.264774
0.219000,-0.248350,-0.243901,-0.277799,-0.210003,-1.243901
0.220000,-0.227218,-0.222467,-0.258234,-0.186699,-1.222467
0.221000,-0.205477,-0.200501,-0.237671,-0.163332,-1.200501
0.222000,-0.183150,-0.178038,-0.216077,-0.139998,-1.178038
0.223000,-0.160260,-0.155109,-0.193439,-0.116780,-1.155109
0.224000,-0.136833,-0.131750,-0.169757,-0.093744,-1.131750
0.225000,-0.112896,-0.107996,-0.145047,-0.070944,-1.107996
0.226000,-0.088476,-0.083881,-0.119345,-0.048416,-1.083881
0.227000,-0.063604,-0.059441,-0.092710,-0.026172,-1.059441
0.228000,-0.038310,-0.034712,-0.065244,-0.004180,-1.034712
0.229000,-0.012627,-0.009728,-0.037119,0.017662,-1.009728
0.230000,0.013411,0.015474,-0.008647,0.039595,-0.984526
0.231000,0.039770,0.040862,0.019599,0.062126,-0.959138
0.232000,0.066415,0.066403,0.046643,0.086163,-0.933597
0.233000,0.093309,0.092064,0.071332,0.112796,-0.907936
0.234000,0.120413,0.117814,0.093186,0.142442,-0.882186
0.235000,0.147692,0.143625,0.112644,0.174606,-0.856375
0.236000,0.175105,0.169469,0.130337,0.208601,-0.830531
0.237000,0.202613,0.195319,0.146689,0.243949,-0.804681
0.238000,0.230177,0.221151,0.161936,0.280365,-0.778849
0.239000,0.257756,0.246940,0.176207,0.317672,-0.753060
0.240000,0.285312,0.272663,0.189575,0.355752,-0.727337
0.241000,0.312802,0.298301,0.202083,0.394518,-0.701699
0.242000,0.340188,0.323831,0.213760,0.433902,-0.676169
0.243000,0.367428,0.349235,0.224624,0.473847,-0.650765
0.244000,0.394484,0.374496,0.234690,0.514301,-0.625504
0.245000,0.421314,0.399595,0.243971,0.555219,-0.600405
0.246000,0.447881,0.424517,0.252475,0.596558,-0.575483
0.247000,0.474145,0.449246,0.260212,0.638279,-0.550754
0.248000,0.500069,0.473768,0.267193,0.680343,-0.526232
0.249000,0.525614,0.498070,0.273426,0.722714,-0.501930
0.250000,0.550746,0.522139,0.278920,0.765359,-0.477861
0.251000,0.575428,0.545964,0.283686,0.808242,-0.454036
0.252000,0.599625,0.569533,0.287733,0.851333,-0.430467
0.253000,0.623305,0.592836,0.291073,0.894600,-0.407164
0.254000,0.646434,0.615864,0.293715,0.938014,-0.384136
0.255000,0.668983,0.638608,0.295671,0.981546,-0.361392
0.256000,0.690921,0.661060,0.296952,1.025167,-0.338940
0.257000,0.712221,0.683211,0.297571,1.068851,-0.316789
0.258000,0.732855,0.705056,0.297539,1.112573,-0.294944
0.259000,0.752798,0.726587,0.296868,1.156306,-0.273413
0.260000,0.772027,0.747800,0.295572,1.200027,-0.252200
0.261000,0.790520,0.768688,0.293664,1.243713,-0.231311
0.262000,0.808256,0.789248,0.291155,1.287341,-0.210751
0.263000,0.825217,0.809474,0.288059,1.330889,-0.190522
0.264000,0.841386,0.829363,0.284391,1.374336,-0.170629
0.265000,0.856749,0.848913,0.280162,1.417663,-0.151072
0.266000,0.871291,0.868119,0.275387,1.460850,-0.131853
0.267000,0.885002,0.886979,0.270079,1.503879,-0.112972
0.268000,0.897872,0.905492,0.264252,1.546731,-0.094428
0.269000,0.909894,0.923655,0.257919,1.589390,-0.076220
0.270000,0.921061,0.941467,0.251095,1.631839,-0.058343
0.271000,0.931369,0.958928,0.243793,1.674063,-0.040796
0.272000,0.940817,0.976037,0.236027,1.716047,-0.023573
0.273000,0.949403,0.992793,0.227810,1.757775,-0.006670
0.274000,0.957130,1.009196,0.219156,1.799236,0.009917
0.275000,0.964001,1.025246,0.210078,1.840414,0.026195
0.276000,0.970019,1.040945,0.200591,1.881299,0.042169
0.277000,0.975192,1.056292,0.190707,1.921877,0.057844
0.278000,0.979528,1.071289,0.180439,1.962138,0.073226
0.279000,0.983037,1.085937,0.169802,2.002071,0.088320
0.280000,0.985729,1.100237,0.158808,2.041666,0.103131
0.281000,0.987618,1.114191,0.147470,2.080913,0.117665
0.282000,0.988717,1.127802,0.135800,2.119803,0.131926
0.283000,0.989042,1.141070,0.123813,2.158327,0.145918
0.284000,0.988609,1.153999,0.111519,2.196478,0.159647
0.285000,0.987436,1.166590,0.098933,2.234247,0.173116
0.286000,0.985543,1.178846,0.086065,2.271628,0.186328
0.287000,0.982949,1.190770,0.072928,2.308613,0.199288
0.288000,0.979674,1.202365,0.059534,2.345196,0.211999
0.289000,0.975741,1.213634,0.045895,2.381372,0.224464
0.290000,0.971172,1.224579,0.032023,2.417135,0.236686
0.291000,0.965991,1.235204,0.017928,2.452480,0.248668
0.292000,0.960220,1.245512,0.003622,2.487402,0.260411
0.293000,0.953885,1.255507,-0.010883,2.521897,0.271920
0.294000,0.947010,1.265192,-0.025577,2.555961,0.283195
0.295000,0.939619,1.274571,-0.040449,2.589591,0.294240
0.296000,0.931739,1.283647,-0.055489,2.622782,0.305056
0.297000,0.923394,1.292424,-0.070686,2.655534,0.315645
0.298000,0.914609,1.300905,-0.086031,2.687841,0.326009
0.299000,0.905411,1.309096,-0.101512,2.719703,0.336150
0.300000,0.895824,1.316999,-0.117120,2.751118,0.346069
0.301000,0.885873,1.324618,-0.132846,2.782083,0.355769
0.302000,0.875584,1.331959,-0.148680,2.812597,0.365250
0.303000,0.864979,1.339023,-0.164613,2.842660,0.374516
0.304000,0.854084,1.345817,-0.180636,2.872269,0.383566
0.305000,0.842922,1.352343,-0.196740,2.901425,0.392403
0.306000,0.831514,1.358606,-0.212916,2.930127,0.401028
0.307000,0.819884,1.364610,-0.229156,2.958375,0.409443
0.308000,0.808053,1.370359,-0.245451,2.986169,0.417649
0.309000,0.796040,1.375858,-0.261793,3.013508,0.425648
0.310000,0.783867,1.381110,-0.278174,3.040394,0.433442
0.311000,0.771552,1.386120,-0.294587,3.066827,0.441031
0.312000,0.759112,1.390892,-0.311024,3.092807,0.448418
0.313000,0.746565,1.395430,-0.327477,3.118336,0.455605
0.314000,0.733926,1.399738,-0.343938,3.143415,0.462592
0.315000,0.721210,1.403822,-0.360402,3.168045,0.469381
0.316000,0.708431,1.407683,-0.376861,3.192228,0.475974
0.317000,0.695601,1.411328,-0.393307,3.215964,0.482373
0.318000,0.682732,1.414760,-0.409736,3.239256,0.488580
0.319000,0.669834,1.417984,-0.426139,3.262106,0.494595
0.320000,0.656916,1.421002,-0.442510,3.284515,0.500421
0.321000,0.643987,1.423821,-0.458845,3.306486,0.506060
0.322000,0.631052,1.426443,-0.475135,3.328021,0.511513
0.323000,0.618119,1.428872,-0.491376,3.349121,0.516782
0.324000,0.605190,1.431114,-0.507562,3.369790,0.521869
0.325000,0.592270,1.433171,-0.523688,3.390030,0.526775
0.326000,0.579361,1.435048,-0.539747,3.409843,0.531503
0.327000,0.566464,1.436749,-0.555735,3.429232,0.536054
0.328000,0.553579,1.438277,-0.571646,3.448200,0.540431
0.329000,0.540705,1.439637,-0.587475,3.466750,0.544634
0.330000,0.527841,1.440833,-0.603218,3.484884,0.548667
0.331000,0.514984,1.441868,-0.618870,3.502605,0.552531
0.332000,0.502130,1.442746,-0.634425,3.519916,0.556227
0.333000,0.489274,1.443470,-0.649880,3.536821,0.559758
0.334000,0.476412,1.444046,-0.665230,3.553322,0.563126
0.335000,0.463536,1.444475,-0.680471,3.569422,0.566333
0.336000,0.450642,1.444763,-0.695599,3.585125,0.569381
0.337000,0.437720,1.444912,-0.710609,3.600433,0.572271
0.338000,0.424763,1.444926,-0.725497,3.615350,0.575006
0.339000,0.411763,1.444809,-0.740261,3.629879,0.577588
0.340000,0.398711,1.444564,-0.754895,3.644024,0.580019
0.341000,0.385598,1.444195,-0.769397,3.657786,0.582300
0.342000,0.372414,1.443704,-0.783762,3.671171,0.584434
0.343000,0.359150,1.443096,-0.797988,3.684180,0.586423
0.344000,0.345795,1.442373,-0.812071,3.696818,0.588269
0.345000,0.332341,1.441540,-0.826008,3.709087,0.589974
0.346000,0.318776,1.440598,-0.839795,3.720992,0.591539
0.347000,0.305092,1.439552,-0.853430,3.732534,0.592967
0.348000,0.291278,1.438404,-0.866909,3.743717,0.594260
0.349000,0.277325,1.437158,-0.880229,3.754545,0.595421
0.350000,0.263224,1.435816,-0.893389,3.765021,0.596449
0.351000,0.248966,1.434382,-0.906384,3.775148,0.597349
0.352000,0.234543,1.432859,-0.919212,3.784929,0.598122
0.353000,0.219946,1.431248,-0.931871,3.794367,0.598769
0.354000,0.205168,1.429555,-0.944357,3.803466,0.599293
0.355000,0.190202,1.427780,-0.956670,3.812229,0.599696
0.356000,0.175042,1.425927,-0.968805,3.820659,0.599979
0.357000,0.159683,1.423999,-0.980760,3.828758,0.600145
0.358000,0.144119,1.421998,-0.992535,3.836531,0.600196
0.359000,0.128348,1.419927,-1.004125,3.843979,0.600133
0.360000,0.112365,1.417789,-1.015529,3.851106,0.599958
0.361000,0.096168,1.415586,-1.026744,3.857916,0.599673
0.362000,0.079757,1.413320,-1.037769,3.864410,0.599280
0.363000,0.063130,1.410995,-1.048602,3.870592,0.598781
0.364000,0.046290,1.408612,-1.059240,3.876464,0.598178
0.365000,0.029236,1.406174,-1.069682,3.882029,0.597472
0.366000,0.011972,1.403683,-1.079925,3.887291,0.596665
0.367000,-0.005498,1.401141,-1.089968,3.892251,0.595759
0.368000,-0.023169,1.398552,-1.099809,3.896913,0.594755
0.369000,-0.041037,1.395916,-1.109446,3.901278,0.593656
0.370000,-0.059093,1.393236,-1.118877,3.905350,0.592463
0.371000,-0.077329,1.390515,-1.128101,3.909131,0.591178
0.372000,-0.095738,1.387754,-1.137116,3.912623,0.589802
0.373000,-0.114308,1.384955,-1.145920,3.915830,0.588338
0.374000,-0.133028,1.382121,-1.154511,3.918752,0.586786
0.375000,-0.151886,1.379253,-1.162888,3.921393,0.585148
0.376000,-0.170869,1.376353,-1.171049,3.923754,0.583426
0.377000,-0.189963,1.373423,-1.178993,3.925839,0.581621
0.378000,-0.209152,1.370465,-1.186718,3.927648,0.579735
0.379000,-0.228420,1.367480,-1.194223,3.929184,0.577769
0.380000,-0.247751,1.364472,-1.201506,3.930449,0.575725
0.381000,-0.267127,1.361440,-1.208565,3.931445,0.573605
0.382000,-0.286528,1.358387,-1.215400,3.932174,0.571409
0.383000,-0.305936,1.355315,-1.222008,3.932637,0.569139
0.384000,-0.325331,1.352224,-1.228388,3.932837,0.566797
0.385000,-0.344692,1.349118,-1.234539,3.932775,0.564383
0.386000,-0.363997,1.345996,-1.240460,3.932452,0.561899
0.387000,-0.383225,1.342862,-1.246148,3.931871,0.559347
0.388000,-0.402353,1.339715,-1.251603,3.931032,0.556728
0.389000,-0.421358,1.336558,-1.256822,3.929938,0.554042
0.390000,-0.440218,1.333392,-1.261806,3.928589,0.551292
0.391000,-0.458909,1.330218,-1.266551,3.926987,0.548478
0.392000,-0.477407,1.327038,-1.271058,3.925133,0.545602
0.393000,-0.495689,1.323852,-1.275324,3.923028,0.542664
0.394000,-0.513730,1.320663,-1.279348,3.920674,0.539666
0.395000,-0.531507,1.317471,-1.283129,3.918071,0.536609
0.396000,-0.548995,1.314278,-1.286666,3.915221,0.533495
0.397000,-0.566171,1.311084,-1.289956,3.912124,0.530323
0.398000,-0.583011,1.307891,-1.292999,3.908782,0.527096
0.399000,-0.599492,1.304700,-1.295793,3.905194,0.523814
0.400000,-0.615591,1.301512,-1.298337,3.901362,0.520479
0.401000,-0.631284,1.298329,-1.300630,3.897287,0.517090
0.402000,-0.646549,1.295150,-1.302670,3.892969,0.513650
0.403000,-0.661365,1.291977,-1.304456,3.888409,0.510159
0.404000,-0.675710,1.288810,-1.305986,3.883607,0.506619
0.405000,-0.689563,1.285652,-1.307259,3.878563,0.503029
0.406000,-0.702905,1.282502,-1.308274,3.873278,0.499391
0.407000,-0.715716,1.279362,-1.309028,3.867753,0.495707
0.408000,-0.727977,1.276233,-1.309522,3.861987,0.491976
0.409000,-0.739671,1.273114,-1.309753,3.855981,0.488199
0.410000,-0.750780,1.270007,-1.309721,3.849735,0.484378
0.411000,-0.761289,1.266913,-1.309422,3.843249,0.480513
0.412000,-0.771183,1.263833,-1.308857,3.836523,0.476606
0.413000,-0.780446,1.260766,-1.308024,3.829557,0.472656
0.414000,-0.789067,1.257714,-1.306921,3.822350,0.468665
0.415000,-0.797033,1.254678,-1.305548,3.814903,0.464633
0.416000,-0.804334,1.251657,-1.303901,3.807216,0.460562
0.417000,-0.810958,1.248654,-1.301981,3.799288,0.456452
0.418000,-0.816897,1.245667,-1.299785,3.791119,0.452303
0.419000,-0.822144,1.242698,-1.297312,3.782708,0.448117
0.420000,-0.826692,1.239747,-1.294561,3.774055,0.443894
0.421000,-0.830536,1.236815,-1.291531,3.765160,0.439635
0.422000,-0.833671,1.233902,-1.288219,3.756023,0.435341
0.423000,-0.836093,1.231009,-1.284624,3.746641,0.431012
0.424000,-0.837802,1.228135,-1.280745,3.737016,0.426650
0.425000,-0.838795,1.225282,-1.276581,3.727146,0.422254
0.426000,-0.839074,1.222450,-1.272129,3.717030,0.417826
0.427000,-0.838639,1.219640,-1.267389,3.706668,0.413366
0.428000,-0.837493,1.216850,-1.262359,3.696059,0.408876
0.429000,-0.835640,1.214083,-1.257037,3.685203,0.404355
0.430000,-0.833084,1.211337,-1.251423,3.674098,0.399805
0.431000,-0.829830,1.208614,-1.245514,3.662743,0.395226
0.432000,-0.825885,1.205914,-1.239309,3.651137,0.390619
0.433000,-0.821257,1.203237,-1.232806,3.639280,0.385985
0.434000,-0.815954,1.200583,-1.226005,3.627170,0.381324
0.435000,-0.809985,1.197952,-1.218903,3.614807,0.376638
0.436000,-0.803360,1.195344,-1.211500,3.602188,0.371927
0.437000,-0.796092,1.192761,-1.203793,3.589314,0.367193
0.438000,-0.788190,1.190201,-1.195782,3.576183,0.362435
0.439000,-0.779668,1.187665,-1.187464,3.562794,0.357654
0.440000,-0.770540,1.185153,-1.178840,3.549145,0.352852
0.441000,-0.760818,1.182665,-1.169906,3.535235,0.348030
0.442000,-0.750517,1.180201,-1.160662,3.521064,0.343188
0.443000,-0.739652,1.177762,-1.151106,3.506629,0.338327
0.444000,-0.728238,1.175347,-1.141237,3.491930,0.333449
0.445000,-0.716292,1.172956,-1.131054,3.476966,0.328553
0.446000,-0.703829,1.170589,-1.120555,3.461734,0.323642
0.447000,-0.690865,1.168247,-1.109739,3.446233,0.318717
0.448000,-0.677419,1.165929,-1.098605,3.430463,0.313777
0.449000,-0.663505,1.163635,-1.087151,3.414422,0.308826
0.450000,-0.649143,1.161366,-1.075377,3.398109,0.303863
0.451000,-0.634348,1.159120,-1.063280,3.381521,0.298890
0.452000,-0.619139,1.156899,-1.050861,3.364659,0.293908
0.453000,-0.603533,1.154701,-1.038117,3.347520,0.288918
0.454000,-0.587546,1.152527,-1.025048,3.330103,0.283922
0.455000,-0.571196,1.150377,-1.011652,3.312406,0.278921
0.456000,-0.554501,1.148250,-0.997929,3.294430,0.273917
0.457000,-0.537477,1.146147,-0.983877,3.276171,0.268911
0.458000,-0.520141,1.144067,-0.969496,3.257629,0.263904
0.459000,-0.502509,1.142009,-0.954784,3.238803,0.258899
0.460000,-0.484597,1.139975,-0.939741,3.219691,0.253896
0.461000,-0.466422,1.137963,-0.924367,3.200292,0.248897
0.462000,-0.447999,1.135973,-0.908659,3.180605,0.243905
0.463000,-0.429343,1.134005,-0.892618,3.160629,0.238921
0.464000,-0.410468,1.132059,-0.876243,3.140361,0.233947
0.465000,-0.391389,1.130135,-0.859533,3.119803,0.228984
0.466000,-0.372120,1.128232,-0.842488,3.098951,0.224035
0.467000,-0.352673,1.126350,-0.825107,3.077806,0.219103
0.468000,-0.333062,1.124488,-0.807390,3.056365,0.214188
0.469000,-0.313299,1.122647,-0.789336,3.034629,0.209294
0.470000,-0.293395,1.120825,-0.770946,3.012597,0.204422
0.471000,-0.273362,1.119024,-0.752219,2.990267,0.199575
0.472000,-0.253210,1.117241,-0.733155,2.967638,0.194756
0.473000,-0.232950,1.115478,-0.713754,2.944711,0.189967
0.474000,-0.212590,1.113733,-0.694017,2.921483,0.185210
0.475000,-0.192139,1.112007,-0.673942,2.897956,0.180489
0.476000,-0.171607,1.110298,-0.653532,2.874127,0.175805
0.477000,-0.151000,1.108606,-0.632785,2.849998,0.171162
0.478000,-0.130326,1.106932,-0.611703,2.825567,0.166563
0.479000,-0.109592,1.105274,-0.590285,2.800834,0.162011
0.480000,-0.088803,1.103632,-0.568534,2.775799,0.157508
0.481000,-0.067966,1.102006,-0.546449,2.750462,0.153058
0.482000,-0.047085,1.100396,-0.524031,2.724822,0.148664
0.483000,-0.026166,1.098800,-0.501282,2.698881,0.144330
0.484000,-0.005213,1.097218,-0.478202,2.672638,0.140057
0.485000,0.015771,1.095650,-0.454793,2.646094,0.135851
0.486000,0.036782,1.094096,-0.431057,2.619248,0.131714
0.487000,0.057817,1.092554,-0.406994,2.592102,0.127650
0.488000,0.078873,1.091025,-0.382607,2.564657,0.123661
0.489000,0.099947,1.089508,-0.357897,2.536912,0.119752
0.490000,0.121038,1.088002,-0.332867,2.508870,0.115926
0.491000,0.142143,1.086507,-0.307517,2.480531,0.112186
0.492000,0.163261,1.085022,-0.281852,2.451897,0.108536
0.493000,0.184389,1.083548,-0.255873,2.422968,0.104978
0.494000,0.205528,1.082082,-0.229583,2.393747,0.101516
0.495000,0.226674,1.080625,-0.202985,2.364236,0.098153
0.496000,0.247828,1.079177,-0.176081,2.334435,0.094892
0.497000,0.268987,1.077736,-0.148875,2.304347,0.091735
0.498000,0.290150,1.076303,-0.121370,2.273976,0.088684
0.499000,0.311316,1.074876,-0.093570,2.243321,0.085742
0.500000,0.332484,1.073455,-0.065478,2.212388,0.082910
0.501000,0.353652,1.072040,-0.037098,2.181178,0.080189
0.502000,0.374818,1.070630,-0.008435,2.149694,0.077579
0.503000,0.395980,1.069224,0.020507,2.117941,0.075082
0.504000,0.417137,1.067822,0.049723,2.085920,0.072695
0.505000,0.438286,1.066423,0.079210,2.053636,0.070418
0.506000,0.459424,1.065027,0.108961,2.021093,0.068248
0.507000,0.480548,1.063633,0.138972,1.988295,0.066182
0.508000,0.501655,1.062241,0.169236,1.955246,0.064214
0.509000,0.522742,1.060850,0.199749,1.921952,0.062341
0.510000,0.543805,1.059460,0.230504,1.888416,0.060554
0.511000,0.564838,1.058070,0.261495,1.854644,0.058846
0.512000,0.585837,1.056679,0.292715,1.820643,0.057209
0.513000,0.606798,1.055287,0.324158,1.786416,0.055633
0.514000,0.627713,1.053894,0.355816,1.751971,0.054107
0.515000,0.648577,1.052498,0.387682,1.717314,0.052622
0.516000,0.669382,1.051100,0.419748,1.682452,0.051166
0.517000,0.690123,1.049699,0.452006,1.647392,0.049731
0.518000,0.710790,1.048294,0.484448,1.612140,0.048308
0.519000,0.731376,1.046886,0.517065,1.576706,0.046891
0.520000,0.751872,1.045472,0.549848,1.541097,0.045474
0.521000,0.772268,1.044054,0.582786,1.505323,0.044055
0.522000,0.792555,1.042631,0.615870,1.469391,0.042631
0.523000,0.812721,1.041201,0.649088,1.433314,0.041201
0.524000,0.832757,1.039765,0.682429,1.397102,0.039765
0.525000,0.852651,1.038323,0.715880,1.360766,0.038323
0.526000,0.872391,1.036873,0.749426,1.324321,0.036873
0.527000,0.891964,1.035417,0.783050,1.287783,0.035417
0.528000,0.911358,1.033952,0.816730,1.251174,0.033952
0.529000,0.930560,1.032479,0.850436,1.214522,0.032479
0.530000,0.949556,1.030998,0.884119,1.177877,0.030998
0.531000,0.968331,1.029508,0.917686,1.141331,0.029508
0.532000,0.986872,1.028009,0.950891,1.105128,0.028009
0.533000,1.005163,1.026501,0.982757,1.070246,0.026501
0.534000,1.023189,1.024984,1.004713,1.045255,0.024984
0.535000,1.040936,1.023457,0.985469,1.061445,0.023457
0.536000,1.058387,1.021921,0.951140,1.092701,0.021921
0.537000,1.075526,1.020374,0.914981,1.125767,0.020374
0.538000,1.092337,1.018818,0.878360,1.159277,0.018818
0.539000,1.108805,1.017252,0.841577,1.192927,0.017252
0.540000,1.124912,1.015676,0.804744,1.226608,0.015676
0.541000,1.140643,1.014090,0.767913,1.260267,0.014090
0.542000,1.155980,1.012494,0.731117,1.293871,0.012494
0.543000,1.170908,1.010888,0.694378,1.327398,0.010888
0.544000,1.185409,1.009272,0.657715,1.360830,0.009272
0.545000,1.199468,1.007647,0.621140,1.394154,0.007647
0.546000,1.213069,1.006012,0.584669,1.427355,0.006012
0.547000,1.226195,1.004367,0.548311,1.460424,0.004368
0.548000,1.238830,1.002713,0.512078,1.493348,0.002715
0.549000,1.250960,1.001050,0.475980,1.526120,0.001054
0.550000,1.262568,0.999378,0.440026,1.558729,-0.000610
0.551000,1.273640,0.997696,0.404225,1.591167,-0.002275
0.552000,1.284161,0.996006,0.368586,1.623426,-0.003933
0.553000,1.294118,0.994308,0.333117,1.655499,-0.005577
0.554000,1.303496,0.992601,0.297824,1.687377,-0.007196
0.555000,1.312283,0.990886,0.262717,1.719054,-0.008782
0.556000,1.320466,0.989163,0.227801,1.750524,-0.010324
0.557000,1.328033,0.987432,0.193084,1.781780,-0.011810
0.558000,1.334972,0.985694,0.158571,1.812817,-0.013232
0.559000,1.341274,0.983949,0.124270,1.843628,-0.014580
0.560000,1.346928,0.982197,0.090185,1.874208,-0.015847
0.561000,1.351925,0.980438,0.056323,1.904553,-0.017025
0.562000,1.356257,0.978673,0.022688,1.934657,-0.018108
0.563000,1.359916,0.976902,-0.010713,1.964517,-0.019092
0.564000,1.362895,0.975124,-0.043878,1.994127,-0.019974
0.565000,1.365188,0.973342,-0.076800,2.023484,-0.020751
0.566000,1.366791,0.971554,-0.109476,2.052583,-0.021422
0.567000,1.367699,0.969761,-0.141901,2.081423,-0.021984
0.568000,1.367910,0.967964,-0.174072,2.109999,-0.022439
0.569000,1.367420,0.966162,-0.205985,2.138308,-0.022787
0.570000,1.366229,0.964356,-0.237636,2.166347,-0.023030
0.571000,1.364336,0.962546,-0.269023,2.194114,-0.023167
0.572000,1.361743,0.960732,-0.300142,2.221607,-0.023203
0.573000,1.358451,0.958916,-0.330991,2.248823,-0.023139
0.574000,1.354463,0.957096,-0.361567,2.275759,-0.022977
0.575000,1.349782,0.955274,-0.391868,2.302415,-0.022721
0.576000,1.344415,0.953449,-0.421891,2.328789,-0.022373
0.577000,1.338365,0.951623,-0.451634,2.354879,-0.021938
0.578000,1.331642,0.949794,-0.481095,2.380684,-0.021417
0.579000,1.324252,0.947964,-0.510273,2.406202,-0.020815
0.580000,1.316204,0.946133,-0.539167,2.431433,-0.020135
0.581000,1.307510,0.944301,-0.567774,2.456376,-0.019380
0.582000,1.298179,0.942469,-0.596093,2.481031,-0.018555
0.583000,1.288223,0.940636,-0.624124,2.505396,-0.017661
0.584000,1.277657,0.938803,-0.651866,2.529472,-0.016704
0.585000,1.266494,0.936970,-0.679317,2.553258,-0.015686
0.586000,1.254748,0.935138,-0.706478,2.576754,-0.014611
0.587000,1.242436,0.933307,-0.733347,2.599960,-0.013481
0.588000,1.229575,0.931476,-0.759924,2.622876,-0.012302
0.589000,1.216181,0.929647,-0.786209,2.645503,-0.011074
0.590000,1.202275,0.927820,-0.812202,2.667841,-0.009803
0.591000,1.187874,0.925994,-0.837903,2.689890,-0.008490
0.592000,1.173000,0.924170,-0.863312,2.711652,-0.007139
0.593000,1.157673,0.922349,-0.888428,2.733126,-0.005753
0.594000,1.141914,0.920530,-0.913254,2.754314,-0.004335
0.595000,1.125746,0.918714,-0.937788,2.775217,-0.002887
0.596000,1.109192,0.916902,-0.962032,2.795835,-0.001412
0.597000,1.092275,0.915092,-0.985986,2.816170,0.000087
0.598000,1.075020,0.913286,-1.009651,2.836223,0.001608
0.599000,1.057451,0.911484,-1.033027,2.855995,0.003149
0.600000,1.039592,0.909686,-1.056116,2.875488,0.004707
0.601000,1.021471,0.907892,-1.078918,2.894702,0.006279
0.602000,1.003111,0.906102,-1.101435,2.913640,0.007864
0.603000,0.984541,0.904318,-1.123668,2.932303,0.009460
0.604000,0.965785,0.902538,-1.145618,2.950693,0.011064
0.605000,0.946872,0.900763,-1.167286,2.968811,0.012675
0.606000,0.927828,0.898993,-1.188673,2.986659,0.014291
0.607000,0.908679,0.897229,-1.209782,3.004239,0.015910
0.608000,0.889454,0.895470,-1.230613,3.021553,0.017530
0.609000,0.870179,0.893717,-1.251168,3.038603,0.019150
0.610000,0.850881,0.891970,-1.271449,3.055390,0.020768
0.611000,0.831589,0.890230,-1.291458,3.071917,0.022383
0.612000,0.812328,0.888496,-1.311195,3.088186,0.023993
0.613000,0.793127,0.886768,-1.330664,3.104199,0.025597
0.614000,0.774010,0.885047,-1.349865,3.119958,0.027194
0.615000,0.755006,0.883333,-1.368801,3.135466,0.028782
0.616000,0.736140,0.881625,-1.387473,3.150723,0.030361
0.617000,0.717439,0.879925,-1.405883,3.165734,0.031928
0.618000,0.698926,0.878233,-1.424034,3.180500,0.033484
0.619000,0.680628,0.876547,-1.441928,3.195023,0.035028
0.620000,0.662570,0.874870,-1.459566,3.209305,0.036557
0.621000,0.644774,0.873200,-1.476950,3.223350,0.038072
0.622000,0.627265,0.871538,-1.494084,3.237159,0.039572
0.623000,0.610066,0.869884,-1.510968,3.250735,0.041055
0.624000,0.593198,0.868238,-1.527605,3.264080,0.042522
0.625000,0.576683,0.866600,-1.543998,3.277197,0.043971
0.626000,0.560543,0.864970,-1.560148,3.290089,0.045401
0.627000,0.544797,0.863349,-1.576058,3.302756,0.046814
0.628000,0.529464,0.861737,-1.591729,3.315203,0.048207
0.629000,0.514563,0.860133,-1.607165,3.327432,0.049580
0.630000,0.500112,0.858538,-1.622368,3.339445,0.050933
0.631000,0.486128,0.856952,-1.637340,3.351244,0.052265
0.632000,0.472626,0.855375,-1.652083,3.362833,0.053576
0.633000,0.459621,0.853807,-1.666599,3.374213,0.054866
0.634000,0.447128,0.852248,-1.680892,3.385387,0.056135
0.635000,0.435160,0.850698,-1.694963,3.396358,0.057381
0.636000,0.423728,0.849157,-1.708814,3.407129,0.058605
0.637000,0.412845,0.847626,-1.722449,3.417701,0.059807
0.638000,0.402520,0.846104,-1.735869,3.428078,0.060986
0.639000,0.392762,0.844592,-1.749077,3.438261,0.062142
0.640000,0.383581,0.843089,-1.762076,3.448254,0.063276
0.641000,0.374982,0.841596,-1.774867,3.458059,0.064386
0.642000,0.366972,0.840113,-1.787453,3.467678,0.065474
0.643000,0.359556,0.838639,-1.799836,3.477114,0.066538
0.644000,0.352738,0.837175,-1.812019,3.486369,0.067579
0.645000,0.346522,0.835721,-1.824005,3.495446,0.068597
0.646000,0.340910,0.834276,-1.835795,3.504348,0.069592
0.647000,0.335902,0.832842,-1.847393,3.513076,0.070563
0.648000,0.331500,0.831417,-1.858799,3.521634,0.071511
0.649000,0.327701,0.830003,-1.870018,3.530024,0.072437
0.650000,0.324505,0.828599,-1.881050,3.538247,0.073339
0.651000,0.321909,0.827204,-1.891899,3.546308,0.074218
0.652000,0.319909,0.825820,-1.902567,3.554207,0.075075
0.653000,0.318500,0.824445,-1.913057,3.561948,0.075909
0.654000,0.317677,0.823081,-1.923369,3.569532,0.076720
0.655000,0.317435,0.821727,-1.933508,3.576963,0.077509
0.656000,0.317765,0.820383,-1.943475,3.584242,0.078276
0.657000,0.318661,0.819050,-1.953272,3.591372,0.079020
0.658000,0.320113,0.817726,-1.962902,3.598355,0.079743
0.659000,0.322112,0.816413,-1.972367,3.605193,0.080444
0.660000,0.324648,0.815110,-1.981669,3.611889,0.081124
0.661000,0.327711,0.813817,-1.990811,3.618445,0.081782
0.662000,0.331290,0.812534,-1.999795,3.624864,0.082419
0.663000,0.335371,0.811262,-2.008623,3.631147,0.083036
0.664000,0.339944,0.809999,-2.017297,3.637296,0.083632
0.665000,0.344994,0.808747,-2.025819,3.643314,0.084207
0.666000,0.350510,0.807505,-2.034192,3.649203,0.084763
0.667000,0.356476,0.806274,-2.042418,3.654966,0.085298
0.668000,0.362878,0.805052,-2.050499,3.660603,0.085814
0.669000,0.369702,0.803841,-2.058437,3.666118,0.086311
0.670000,0.376934,0.802640,-2.066233,3.671513,0.086788
0.671000,0.384557,0.801449,-2.073891,3.676788,0.087247
0.672000,0.392557,0.800268,-2.081413,3.681948,0.087687
0.673000,0.400919,0.799097,-2.088799,3.686993,0.088109
0.674000,0.409625,0.797936,-2.096053,3.691925,0.088513
0.675000,0.418662,0.796785,-2.103177,3.696747,0.088900
0.676000,0.428012,0.795645,-2.110172,3.701461,0.089269
0.677000,0.437661,0.794514,-2.117040,3.706067,0.089620
0.678000,0.447592,0.793393,-2.123783,3.710570,0.089956
0.679000,0.457789,0.792283,-2.130404,3.714969,0.090274
0.680000,0.468238,0.791182,-2.136904,3.719267,0.090577
0.681000,0.478923,0.790091,-2.143285,3.723466,0.090863
0.682000,0.489828,0.789010,-2.149549,3.727568,0.091134
0.683000,0.500940,0.787939,-2.155697,3.731575,0.091389
0.684000,0.512242,0.786877,-2.161733,3.735487,0.091630
0.685000,0.523721,0.785826,-2.167657,3.739308,0.091855
0.686000,0.535362,0.784784,-2.173471,3.743039,0.092067
0.687000,0.547153,0.783752,-2.179177,3.746680,0.092264
0.688000,0.559079,0.782729,-2.184777,3.750235,0.092447
0.689000,0.571128,0.781716,-2.190273,3.753705,0.092616
0.690000,0.583287,0.780713,-2.195666,3.757091,0.092772
0.691000,0.595545,0.779719,-2.200958,3.760396,0.092916
0.692000,0.607891,0.778735,-2.206150,3.763619,0.093046
0.693000,0.620312,0.777760,-2.211245,3.766764,0.093164
0.694000,0.632800,0.776794,-2.216244,3.769832,0.093270
0.695000,0.645344,0.775838,-2.221148,3.772824,0.093364
0.696000,0.657935,0.774891,-2.225960,3.775742,0.093447
0.697000,0.670564,0.773953,-2.230680,3.778587,0.093518
0.698000,0.683224,0.773025,-2.235310,3.781361,0.093578
0.699000,0.695907,0.772106,-2.239853,3.784064,0.093627
0.700000,0.708606,0.771196,-2.244308,3.786700,0.093666
0.701000,0.721316,0.770295,-2.248679,3.789268,0.093694
0.702000,0.734030,0.769403,-2.252966,3.791771,0.093712
0.703000,0.746743,0.768519,-2.257170,3.794209,0.093721
0.704000,0.759452,0.767645,-2.261294,3.796585,0.093720
0.705000,0.772153,0.766780,-2.265339,3.798898,0.093710
0.706000,0.784842,0.765923,-2.269305,3.801152,0.093691
0.707000,0.797517,0.765076,-2.273195,3.803346,0.093664
0.708000,0.810177,0.764236,-2.277009,3.805482,0.093627
0.709000,0.822818,0.763406,-2.280750,3.807562,0.093583
0.710000,0.835442,0.762584,-2.284418,3.809586,0.093530
0.711000,0.848048,0.761771,-2.288015,3.811556,0.093470
0.712000,0.860635,0.760966,-2.291541,3.813473,0.093402
0.713000,0.873205,0.760169,-2.294999,3.815338,0.093327
0.714000,0.885758,0.759381,-2.298390,3.817152,0.093245
0.715000,0.898297,0.758601,-2.301714,3.818916,0.093156
0.716000,0.910823,0.757830,-2.304973,3.820632,0.093060
0.717000,0.923339,0.757066,-2.308168,3.822300,0.092958
0.718000,0.935847,0.756311,-2.311300,3.823922,0.092850
0.719000,0.948351,0.755564,-2.314371,3.825499,0.092735
0.720000,0.960854,0.754825,-2.317381,3.827031,0.092615
0.721000,0.973359,0.754093,-2.320332,3.828519,0.092489
0.722000,0.985871,0.753370,-2.323225,3.829965,0.092357
0.723000,0.998393,0.752655,-2.326061,3.831370,0.092221
0.724000,1.010930,0.751947,-2.328840,3.832734,0.092079
0.725000,1.023485,0.751247,-2.331565,3.834058,0.091933
0.726000,1.036064,0.750554,-2.334235,3.835344,0.091782
0.727000,1.048670,0.749870,-2.336853,3.836592,0.091626
0.728000,1.061308,0.749192,-2.339419,3.837803,0.091466
0.729000,1.073983,0.748523,-2.341933,3.838978,0.091302
0.730000,1.086698,0.747860,-2.344398,3.840118,0.091134
0.731000,1.099459,0.747205,-2.346813,3.841224,0.090962
0.732000,1.112268,0.746558,-2.349180,3.842296,0.090786
0.733000,1.125129,0.745917,-2.351500,3.843335,0.090607
0.734000,1.138048,0.745284,-2.353774,3.844342,0.090424
0.735000,1.151026,0.744658,-2.356002,3.845318,0.090239
0.736000,1.164067,0.744039,-2.358186,3.846263,0.090050
0.737000,1.177173,0.743427,-2.360326,3.847179,0.089858
0.738000,1.190347,0.742822,-2.362423,3.848066,0.089664
0.739000,1.203592,0.742223,-2.364478,3.848924,0.089467
0.740000,1.216908,0.741632,-2.366492,3.849755,0.089267
0.741000,1.230297,0.741047,-2.368465,3.850559,0.089066
0.742000,1.243760,0.740469,-2.370399,3.851337,0.088862
0.743000,1.257297,0.739898,-2.372293,3.852089,0.088655
0.744000,1.270907,0.739333,-2.374150,3.852817,0.088447
0.745000,1.284591,0.738775,-2.375969,3.853520,0.088237
0.746000,1.298345,0.738223,-2.377752,3.854199,0.088026
0.747000,1.312170,0.737678,-2.379499,3.854855,0.087812
0.748000,1.326062,0.737139,-2.381211,3.855489,0.087598
0.749000,1.340018,0.736606,-2.382888,3.856101,0.087382
0.750000,1.354035,0.736080,-2.384531,3.856691,0.087164
0.751000,1.368108,0.735560,-2.386141,3.857261,0.086945
0.752000,1.382233,0.735046,-2.387719,3.857810,0.086726
0.753000,1.396404,0.734538,-2.389264,3.858340,0.086505
0.754000,1.410616,0.734036,-2.390779,3.858850,0.086283
0.755000,1.424861,0.733540,-2.392263,3.859342,0.086061
0.756000,1.439133,0.733049,-2.393717,3.859816,0.085838
0.757000,1.453423,0.732565,-2.395141,3.860272,0.085614
0.758000,1.467725,0.732087,-2.396537,3.860710,0.085390
0.759000,1.482028,0.731614,-2.397905,3.861132,0.085165
0.760000,1.496324,0.731147,-2.399244,3.861538,0.084940
0.761000,1.510602,0.730685,-2.400557,3.861927,0.084715
0.762000,1.524852,0.730229,-2.401843,3.862301,0.084489
0.763000,1.539064,0.729779,-2.403104,3.862661,0.084264
0.764000,1.553226,0.729334,-2.404338,3.863005,0.084038
0.765000,1.567326,0.728894,-2.405548,3.863336,0.083812
0.766000,1.581353,0.728460,-2.406733,3.863652,0.083587
0.767000,1.595294,0.728031,-2.407895,3.863956,0.083361
0.768000,1.609136,0.727607,-2.409032,3.864246,0.083136
0.769000,1.622866,0.727188,-2.410147,3.864524,0.082911
0.770000,1.636471,0.726775,-2.411239,3.864789,0.082686
0.771000,1.649938,0.726366,-2.412309,3.865042,0.082462
0.772000,1.663254,0.725963,-2.413358,3.865284,0.082238
0.773000,1.676403,0.725565,-2.414385,3.865515,0.082015
0.774000,1.689373,0.725171,-2.415392,3.865734,0.081792
0.775000,1.702150,0.724783,-2.416378,3.865944,0.081570
0.776000,1.714720,0.724399,-2.417344,3.866142,0.081348
0.777000,1.727068,0.724020,-2.418291,3.866331,0.081127
0.778000,1.739183,0.723646,-2.419219,3.866510,0.080907
0.779000,1.751049,0.723276,-2.420127,3.866680,0.080688
0.780000,1.762653,0.722911,-2.421018,3.866841,0.080469
0.781000,1.773984,0.722551,-2.421891,3.866992,0.080252
0.782000,1.785026,0.722195,-2.422746,3.867136,0.080035
0.783000,1.795769,0.721844,-2.423583,3.867271,0.079819
0.784000,1.806200,0.721497,-2.424404,3.867398,0.079604
0.785000,1.816307,0.721154,-2.425209,3.867517,0.079390
0.786000,1.826079,0.720816,-2.425997,3.867629,0.079177
0.787000,1.835505,0.720482,-2.426769,3.867733,0.078966
0.788000,1.844575,0.720152,-2.427526,3.867830,0.078755
0.789000,1.853279,0.719827,-2.428268,3.867921,0.078546
0.790000,1.861609,0.719505,-2.428994,3.868005,0.078337
0.791000,1.869554,0.719188,-2.429706,3.868082,0.078130
0.792000,1.877109,0.718875,-2.430404,3.868154,0.077924
0.793000,1.884265,0.718566,-2.431088,3.868219,0.077720
0.794000,1.891016,0.718260,-2.431758,3.868279,0.077516
0.795000,1.897357,0.717959,-2.432415,3.868333,0.077314
0.796000,1.903283,0.717662,-2.433058,3.868381,0.077113
0.797000,1.908790,0.717368,-2.433689,3.868425,0.076914
0.798000,1.913875,0.717078,-2.434307,3.868463,0.076715
0.799000,1.918535,0.716792,-2.434913,3.868497,0.076519
0.800000,1.922768,0.716510,-2.435507,3.868526,0.076323
0.801000,1.926575,0.716231,-2.436089,3.868550,0.076129
0.802000,1.929954,0.715956,-2.436659,3.868570,0.075936
0.803000,1.932909,0.715684,-2.437218,3.868586,0.075745
0.804000,1.935439,0.715416,-2.437766,3.868598,0.075555
0.805000,1.937549,0.715152,-2.438302,3.868606,0.075367
0.806000,1.939241,0.714891,-2.438829,3.868610,0.075180
0.807000,1.940521,0.714633,-2.439345,3.868611,0.074995
0.808000,1.941393,0.714379,-2.439850,3.868608,0.074811
0.809000,1.941864,0.714128,-2.440346,3.868602,0.074628
0.810000,1.941942,0.713880,-2.440831,3.868592,0.074447
0.811000,1.941633,0.713636,-2.441308,3.868580,0.074268
0.812000,1.940946,0.713395,-2.441774,3.868564,0.074089
0.813000,1.939891,0.713157,-2.442232,3.868546,0.073913
0.814000,1.938478,0.712922,-2.442681,3.868525,0.073738
0.815000,1.936717,0.712691,-2.443120,3.868501,0.073564
0.816000,1.934620,0.712462,-2.443551,3.868475,0.073392
0.817000,1.932200,0.712236,-2.443974,3.868447,0.073222
0.818000,1.929467,0.712014,-2.444388,3.868416,0.073053
0.819000,1.926437,0.711794,-2.444795,3.868383,0.072886
0.820000,1.923122,0.711578,-2.445193,3.868348,0.072720
0.821000,1.919536,0.711364,-2.445583,3.868311,0.072555
0.822000,1.915694,0.711153,-2.445966,3.868272,0.072393
0.823000,1.911611,0.710945,-2.446341,3.868231,0.072231
0.824000,1.907301,0.710740,-2.446710,3.868189,0.072072
0.825000,1.902781,0.710537,-2.447070,3.868144,0.071913
0.826000,1.898066,0.710337,-2.447424,3.868099,0.071757
0.827000,1.893172,0.710140,-2.447771,3.868051,0.071601
0.828000,1.888114,0.709946,-2.448112,3.868003,0.071448
0.829000,1.882909,0.709754,-2.448445,3.867953,0.071296
0.830000,1.877572,0.709565,-2.448772,3.867902,0.071145
0.831000,1.872119,0.709378,-2.449093,3.867849,0.070996
0.832000,1.866566,0.709194,-2.449408,3.867795,0.070848
0.833000,1.860928,0.709012,-2.449717,3.867741,0.070702
0.834000,1.855221,0.708833,-2.450019,3.867685,0.070557
0.835000,1.849460,0.708656,-2.450316,3.867628,0.070414
0.836000,1.843659,0.708482,-2.450607,3.867571,0.070273
0.837000,1.837833,0.708310,-2.450893,3.867513,0.070133
0.838000,1.831995,0.708140,-2.451173,3.867454,0.069994
0.839000,1.826159,0.707973,-2.451448,3.867394,0.069857
0.840000,1.820337,0.707808,-2.451717,3.867333,0.069721
0.841000,1.814543,0.707645,-2.451982,3.867272,0.069587
0.842000,1.808787,0.707485,-2.452241,3.867210,0.069454
0.843000,1.803081,0.707326,-2.452495,3.867148,0.069322
0.844000,1.797435,0.707170,-2.452745,3.867085,0.069192
0.845000,1.791858,0.707016,-2.452990,3.867022,0.069064
0.846000,1.786359,0.706864,-2.453230,3.866959,0.068937
0.847000,1.780947,0.706715,-2.453465,3.866895,0.068811
0.848000,1.775627,0.706567,-2.453697,3.866831,0.068687
0.849000,1.770408,0.706421,-2.453923,3.866766,0.068564
0.850000,1.765293,0.706278,-2.454146,3.866701,0.068442
0.851000,1.760288,0.706136,-2.454364,3.866636,0.068322
0.852000,1.755397,0.705996,-2.454578,3.866571,0.068203
0.853000,1.750621,0.705859,-2.454789,3.866506,0.068086
0.854000,1.745963,0.705723,-2.454995,3.866441,0.067970
0.855000,1.741424,0.705589,-2.455197,3.866375,0.067855
0.856000,1.737004,0.705457,-2.455396,3.866310,0.067741
0.857000,1.732701,0.705327,-2.455591,3.866244,0.067629
0.858000,1.728514,0.705198,-2.455782,3.866179,0.067519
0.859000,1.724441,0.705072,-2.455970,3.866113,0.067409
0.860000,1.720476,0.704947,-2.456154,3.866048,0.067301
0.861000,1.716617,0.704824,-2.456335,3.865982,0.067194
0.862000,1.712857,0.704702,-2.456512,3.865917,0.067088
0.863000,1.709190,0.704583,-2.456686,3.865852,0.066984
0.864000,1.705609,0.704465,-2.456857,3.865787,0.066881
0.865000,1.702106,0.704349,-2.457025,3.865722,0.066779
0.866000,1.698673,0.704234,-2.457190,3.865658,0.066678
0.867000,1.695300,0.704121,-2.457351,3.865593,0.066579
0.868000,1.691978,0.704009,-2.457510,3.865529,0.066481
0.869000,1.688696,0.703899,-2.457666,3.865465,0.066384
0.870000,1.685442,0.703791,-2.457819,3.865401,0.066288
0.871000,1.682206,0.703684,-2.457969,3.865338,0.066193
0.872000,1.678974,0.703579,-2.458116,3.865274,0.066100
0.873000,1.675734,0.703475,-2.458261,3.865212,0.066007
0.874000,1.672474,0.703373,-2.458403,3.865149,0.065916
0.875000,1.669179,0.703272,-2.458542,3.865087,0.065826
0.876000,1.665837,0.703173,-2.458679,3.865025,0.065737
0.877000,1.662433,0.703075,-2.458814,3.864963,0.065649
0.878000,1.658953,0.702978,-2.458946,3.864902,0.065563
0.879000,1.655384,0.702883,-2.459075,3.864841,0.065477
0.880000,1.651711,0.702789,-2.459203,3.864781,0.065392
0.881000,1.647920,0.702696,-2.459328,3.864720,0.065309
0.882000,1.643997,0.702605,-2.459450,3.864661,0.065227
0.883000,1.639928,0.702515,-2.459571,3.864601,0.065145
0.884000,1.635700,0.702427,-2.459689,3.864542,0.065065
0.885000,1.631299,0.702339,-2.459805,3.864484,0.064986
0.886000,1.626712,0.702253,-2.459919,3.864426,0.064907
0.887000,1.621926,0.702168,-2.460031,3.864368,0.064830
0.888000,1.616929,0.702085,-2.460142,3.864311,0.064754
0.889000,1.611709,0.702002,-2.460250,3.864254,0.064679
0.890000,1.606255,0.701921,-2.460356,3.864198,0.064604
0.891000,1.600556,0.701841,-2.460460,3.864142,0.064531
0.892000,1.594602,0.701762,-2.460563,3.864087,0.064459
0.893000,1.588384,0.701684,-2.460663,3.864032,0.064387
0.894000,1.581893,0.701608,-2.460762,3.863977,0.064317
0.895000,1.575121,0.701532,-2.460859,3.863923,0.064248
0.896000,1.568062,0.701458,-2.460954,3.863870,0.064179
0.897000,1.560708,0.701384,-2.461048,3.863817,0.064111
0.898000,1.553056,0.701312,-2.461140,3.863764,0.064044
0.899000,1.545099,0.701241,-2.461230,3.863712,0.063979
0.900000,1.536835,0.701171,-2.461319,3.863660,0.063914
0.901000,1.528262,0.701101,-2.461406,3.863609,0.063849
0.902000,1.519377,0.701033,-2.461492,3.863558,0.063786
0.903000,1.510181,0.700966,-2.461576,3.863508,0.063724
0.904000,1.500673,0.700900,-2.461659,3.863458,0.063662
0.905000,1.490855,0.700834,-2.461740,3.863409,0.063601
0.906000,1.480731,0.700770,-2.461820,3.863360,0.063541
0.907000,1.470302,0.700707,-2.461899,3.863312,0.063482
0.908000,1.459574,0.700644,-2.461976,3.863264,0.063424
0.909000,1.448552,0.700583,-2.462051,3.863217,0.063366
0.910000,1.437243,0.700522,-2.462126,3.863170,0.063310
0.911000,1.425654,0.700463,-2.462199,3.863124,0.063254
0.912000,1.413794,0.700404,-2.462271,3.863078,0.063198
0.913000,1.401673,0.700346,-2.462341,3.863033,0.063144
0.914000,1.389300,0.700289,-2.462411,3.862988,0.063090
0.915000,1.376686,0.700232,-2.462479,3.862943,0.063037
0.916000,1.363845,0.700177,-2.462546,3.862900,0.062985
0.917000,1.350789,0.700122,-2.462612,3.862856,0.062934
0.918000,1.337531,0.700068,-2.462677,3.862813,0.062883
0.919000,1.324086,0.700015,-2.462740,3.862771,0.062833
0.920000,1.310469,0.699963,-2.462803,3.862729,0.062783
0.921000,1.296695,0.699911,-2.462864,3.862687,0.062735
0.922000,1.282782,0.699861,-2.462925,3.862646,0.062686
0.923000,1.268746,0.699811,-2.462984,3.862605,0.062639
0.924000,1.254605,0.699761,-2.463042,3.862565,0.062592
0.925000,1.240375,0.699713,-2.463100,3.862525,0.062546
0.926000,1.226077,0.699665,-2.463156,3.862486,0.062501
0.927000,1.211727,0.699618,-2.463211,3.862447,0.062456
0.928000,1.197344,0.699572,-2.463266,3.862409,0.062412
0.929000,1.182948,0.699526,-2.463319,3.862371,0.062369
0.930000,1.168558,0.699481,-2.463372,3.862334,0.062326
0.931000,1.154192,0.699437,-2.463423,3.862297,0.062283
0.932000,1.139870,0.699393,-2.463474,3.862260,0.062242
0.933000,1.125611,0.699350,-2.463524,3.862224,0.062201
0.934000,1.111434,0.699307,-2.463573,3.862188,0.062160
0.935000,1.097357,0.699266,-2.463622,3.862153,0.062120
0.936000,1.083398,0.699225,-2.463669,3.862118,0.062081
0.937000,1.069577,0.699184,-2.463716,3.862084,0.062042
0.938000,1.055910,0.699144,-2.463762,3.862050,0.062004
0.939000,1.042415,0.699105,-2.463807,3.862016,0.061966
0.940000,1.029109,0.699066,-2.463851,3.861983,0.061929
0.941000,1.016008,0.699028,-2.463895,3.861950,0.061892
0.942000,1.003127,0.698990,-2.463938,3.861918,0.061856
0.943000,0.990481,0.698953,-2.463980,3.861886,0.061820
0.944000,0.978085,0.698917,-2.464021,3.861855,0.061785
0.945000,0.965952,0.698881,-2.464062,3.861824,0.061751
0.946000,0.954095,0.698845,-2.464102,3.861793,0.061717
0.947000,0.942525,0.698811,-2.464141,3.861762,0.061683
0.948000,0.931254,0.698776,-2.464180,3.861733,0.061650
0.949000,0.920291,0.698742,-2.464218,3.861703,0.061617
0.950000,0.909646,0.698709,-2.464255,3.861674,0.061585
0.951000,0.899325,0.698676,-2.464292,3.861645,0.061554
0.952000,0.889338,0.698644,-2.464328,3.861617,0.061522
0.953000,0.879689,0.698612,-2.464364,3.861589,0.061492
0.954000,0.870383,0.698581,-2.464399,3.861561,0.061461
0.955000,0.861425,0.698550,-2.464433,3.861534,0.061431
0.956000,0.852817,0.698520,-2.464467,3.861507,0.061402
0.957000,0.844560,0.698490,-2.464500,3.861480,0.061373
0.958000,0.836657,0.698460,-2.464533,3.861454,0.061344
0.959000,0.829105,0.698431,-2.464565,3.861428,0.061316
0.960000,0.821904,0.698403,-2.464597,3.861402,0.061288
0.961000,0.815052,0.698374,-2.464628,3.861377,0.061261
0.962000,0.808544,0.698347,-2.464659,3.861352,0.061234
0.963000,0.802376,0.698319,-2.464689,3.861328,0.061208
0.964000,0.796543,0.698293,-2.464718,3.861303,0.061181
0.965000,0.791037,0.698266,-2.464747,3.861279,0.061156
0.966000,0.785852,0.698240,-2.464776,3.861256,0.061130
0.967000,0.780978,0.698214,-2.464804,3.861233,0.061105
0.968000,0.776407,0.698189,-2.464832,3.861210,0.061081
0.969000,0.772129,0.698164,-2.464859,3.861187,0.061056
0.970000,0.768131,0.698139,-2.464886,3.861165,0.061033
0.971000,0.764404,0.698115,-2.464912,3.861143,0.061009
0.972000,0.760933,0.698092,-2.464938,3.861121,0.060986
0.973000,0.757706,0.698068,-2.464964,3.861100,0.060963
0.974000,0.754709,0.698045,-2.464989,3.861079,0.060940
0.975000,0.751928,0.698022,-2.465013,3.861058,0.060918
0.976000,0.749348,0.698000,-2.465037,3.861037,0.060896
0.977000,0.746954,0.697978,-2.465061,3.861017,0.060875
0.978000,0.744730,0.697956,-2.465085,3.860997,0.060854
0.979000,0.742659,0.697935,-2.465108,3.860977,0.060833
0.980000,0.740727,0.697914,-2.465130,3.860958,0.060812
0.981000,0.738915,0.697893,-2.465153,3.860939,0.060792
0.982000,0.737209,0.697873,-2.465175,3.860920,0.060772
0.983000,0.735590,0.697853,-2.465196,3.860901,0.060752
0.984000,0.734042,0.697833,-2.465217,3.860883,0.060733
0.985000,0.732548,0.697813,-2.465238,3.860865,0.060714
0.986000,0.731092,0.697794,-2.465259,3.860847,0.060695
0.987000,0.729657,0.697775,-2.465279,3.860830,0.060677
0.988000,0.728227,0.697757,-2.465299,3.860812,0.060658
0.989000,0.726786,0.697739,-2.465318,3.860795,0.060640
0.990000,0.725318,0.697721,-2.465338,3.860779,0.060623
0.991000,0.723808,0.697703,-2.465356,3.860762,0.060605
0.992000,0.722241,0.697685,-2.465375,3.860746,0.060588
0.993000,0.720603,0.697668,-2.465393,3.860730,0.060571
0.994000,0.718879,0.697651,-2.465411,3.860714,0.060555
0.995000,0.717057,0.697635,-2.465429,3.860698,0.060538
0.996000,0.715123,0.697618,-2.465446,3.860683,0.060522
0.997000,0.713067,0.697602,-2.465463,3.860667,0.060506
0.998000,0.710875,0.697586,-2.465480,3.860652,0.060491
0.999000,0.708539,0.697570,-2.465497,3.860638,0.060475
1.000000,0.706048,0.697555,-2.465513,3.860623,0.060460
